Feature,Importance,Percentage
boy_height,356,11.866666666666667
girl_height,303,10.100000000000001
boy_father_income,227,7.566666666666666
girl_income,183,6.1
boy_income,175,5.833333333333333
boy_first_marriage_yes,160,5.333333333333334
girl_first_marriage_yes,155,5.166666666666667
intercaste_interreligion_interreligion,125,4.166666666666666
girl_father_income,125,4.166666666666666
girl_physical_disability_yes,113,3.7666666666666666
girl_skin_colour_fair,109,3.6333333333333337
boy_skin_colour_fair,108,3.5999999999999996
boy_physical_disability_yes,104,3.4666666666666663
girl_job_private,96,3.2
girl_caste_general,93,3.1
boy_caste_general,93,3.1
boy_caste_SC,90,3.0
girl_caste_SC,83,2.7666666666666666
boy_job_stability_unstable,72,2.4
boy_skin_colour_wheatish,68,2.2666666666666666
girl_skin_colour_wheatish,63,2.1
boy_job_stability_very_stable,57,1.9
boy_job_private,34,1.1333333333333333
intercaste_interreligion_same_caste_religion,8,0.26666666666666666
boy_age,0,0.0
age_difference,0,0.0
girl_age,0,0.0
boy_area_urban,0,0.0
boy_religion_hindu,0,0.0
boy_religion_sikh,0,0.0
boy_religion_others,0,0.0
boy_religion_muslim,0,0.0
girl_area_urban,0,0.0
girl_religion_others,0,0.0
girl_religion_muslim,0,0.0
girl_religion_hindu,0,0.0
girl_religion_sikh,0,0.0
