feature,importance,importance_pct,std
boy_first_marriage_yes,0.1649568494282044,11.747445783711731,0.0012668735367209753
girl_job_private,0.13491774891076425,9.60820327305937,0.0008699857564962716
boy_job_private,0.13409998241509768,9.549965815173392,0.0011993426623911091
girl_skin_colour_fair,0.12932544120160414,9.209945596297759,0.0008637407886441382
boy_skin_colour_fair,0.12196786249285832,8.685973677095932,0.0008849500388067304
girl_first_marriage_yes,0.11526676943853727,8.208753557894358,0.0008885193521104965
intercaste_interreligion_interreligion,0.10680731118277627,7.606310994499149,0.0011511998045983865
girl_height,0.053487462972981535,3.8091238621580703,0.000575234531916602
boy_caste_general,0.0431045922010966,3.0697049662783304,0.00026742050205479757
girl_caste_general,0.042915074933162475,3.0562084437765336,0.0004358373700039534
boy_job_stability_unstable,0.04096085292071254,2.91703800483951,0.0005990448335405559
boy_caste_SC,0.03877391504998001,2.7612946443314152,0.00036521267614591146
girl_caste_SC,0.038650216510333554,2.7524854200217965,0.0002900861764111652
boy_physical_disability_yes,0.03484352141243632,2.48139061897122,0.0006578139166880939
girl_physical_disability_yes,0.034364411829260075,2.4472707029305747,0.00046853711101954777
girl_skin_colour_wheatish,0.03314428169253682,2.360378811627403,0.0004111320694242442
boy_skin_colour_wheatish,0.03253517325576779,2.317000992748412,0.00038040511905946487
boy_income,0.028161641549256954,2.0055387722727365,0.0003243044050233085
girl_income,0.0273873549014673,1.9503977432855177,0.00031832950551910797
boy_father_income,0.02180564765236087,1.5528949810982013,0.0004547152487522196
boy_job_stability_very_stable,0.02073982804721053,1.4769923552289423,0.0003280373100670741
girl_father_income,0.005685920342532536,0.40492432527620736,0.0001625608993907595
boy_religion_hindu,0.00013776836681784755,0.009811210783384755,2.4957527872848695e-05
girl_religion_hindu,8.570996218678628e-05,0.006103857690077213,1.8323058637021956e-05
intercaste_interreligion_same_caste_religion,5.938803541768456e-05,0.004229334693822757,1.7468815799134595e-05
girl_religion_sikh,7.1893805265954566e-06,0.0005119936410486059,2.444203002973258e-06
boy_religion_sikh,7.025320795495116e-06,0.0005003100837845567,4.884130676824222e-06
boy_religion_others,1.6486124434167416e-06,0.00011740637242117041,2.463811315029567e-06
age_difference,1.0681150361624426e-06,7.606609559760535e-05,2.9434103405663253e-06
girl_religion_muslim,6.839835596350597e-07,4.8710070613104136e-05,5.313338626283119e-06
boy_height,4.7703827055212145e-08,3.3972406962741635e-06,1.2350993049700204e-07
boy_age,-4.975421619368703e-07,-3.5432597025975636e-05,1.1750089244798954e-06
boy_religion_muslim,-6.115291184660699e-07,-4.355020836808536e-05,4.5881442178222324e-07
girl_area_urban,-6.55031717355925e-07,-4.6648257486267366e-05,2.6468647662006866e-06
girl_age,-1.1488098191181351e-06,-8.181279596855887e-05,4.351472620516671e-06
boy_area_urban,-2.257197231059216e-06,-0.0001607468994887254,1.3731743966881235e-06
girl_religion_others,-3.895772750106552e-06,-0.00027743848967882437,2.4359482067277817e-06
